model,layers,learning_rate,under,oversample,seed,hidden_layer_size,test_split,batch_size,augment,weight_loss,accuracy,precision,recall,f1,auc_roc,test_loss,ga_mean,ga_std,ga_min,ga_max
blitz,1,0.001,True,0.0,21,32,0.1,128,True,True,0.14414414414414414,0.14414414414414414,0.3855421686746988,0.2098360655737705,0.6981092145687535,0.7506296038627625,0.0,0.0,0.0,0.0
blitz,1,0.001,True,0.0,21,32,0.1,128,True,False,0.0,0.0,0.0,0.0,0.6307312837053849,0.19099463522434235,0.04,0.2,0.0,1.0
blitz,1,0.001,True,0.0,21,32,0.1,128,False,True,0.11494252873563218,0.11494252873563218,0.4819277108433735,0.18561484918793505,0.6994373618033612,0.6686986088752747,0.04,0.2,0.0,1.0
blitz,1,0.001,True,0.0,21,32,0.1,128,False,False,0.0,0.0,0.0,0.0,0.5786343435522829,0.19893768429756165,0.0,0.0,0.0,0.0
blitz,1,0.001,True,0.0,22,32,0.1,128,True,True,0.1336405529953917,0.1336405529953917,0.3493975903614458,0.19333333333333336,0.7035239686790773,0.6896569132804871,0.04,0.2,0.0,1.0
blitz,1,0.001,True,0.0,22,32,0.1,128,True,False,0.0,0.0,0.0,0.0,0.6703275853261623,0.18712517619132996,0.0,0.0,0.0,0.0
blitz,1,0.001,True,0.0,22,32,0.1,128,False,True,0.09898989898989899,0.09898989898989899,0.5903614457831325,0.16955017301038064,0.6895930177402523,0.6428322196006775,0.08,0.27,0.0,1.0
blitz,1,0.001,True,0.0,22,32,0.1,128,False,False,0.0,0.0,0.0,0.0,0.6317456379120359,0.19352388381958008,0.04,0.2,0.0,1.0
blitz,1,0.001,True,0.0,23,32,0.1,128,True,True,0.13636363636363635,0.13636363636363635,0.3614457831325301,0.198019801980198,0.7114125794516649,0.7270113229751587,0.0,0.0,0.0,0.0
blitz,1,0.001,True,0.0,23,32,0.1,128,True,False,0.0,0.0,0.0,0.0,0.6614684054205922,0.18757246434688568,0.08,0.27,0.0,1.0
blitz,1,0.001,True,0.0,23,32,0.1,128,False,True,0.10512820512820513,0.10512820512820513,0.4939759036144578,0.1733615221987315,0.7120693555566907,0.6564417481422424,0.04,0.2,0.0,1.0
blitz,1,0.001,True,0.0,23,32,0.1,128,False,False,0.0,0.0,0.0,0.0,0.6091744324359826,0.19730088114738464,0.0,0.0,0.0,0.0
blitz,1,0.001,True,0.5,21,32,0.1,128,True,True,0.13392857142857142,0.13392857142857142,0.3614457831325301,0.19543973941368076,0.6978610991512992,0.7131766080856323,0.08,0.27,0.0,1.0
blitz,1,0.001,True,0.5,21,32,0.1,128,True,False,0.15476190476190477,0.15476190476190477,0.1566265060240964,0.15568862275449102,0.6906657520451278,0.2693037688732147,0.08,0.27,0.0,1.0
blitz,1,0.001,True,0.5,21,32,0.1,128,False,True,0.07678244972577697,0.07678244972577697,0.5060240963855421,0.13333333333333333,0.6673210102675998,0.6567655801773071,0.04,0.2,0.0,1.0
blitz,1,0.001,True,0.5,21,32,0.1,128,False,False,0.10569105691056911,0.10569105691056911,0.3132530120481928,0.1580547112462006,0.659862952719418,0.4294797480106354,0.12,0.32,0.0,1.0
blitz,1,0.001,True,0.5,22,32,0.1,128,True,True,0.12130177514792899,0.12130177514792899,0.4939759036144578,0.19477434679334915,0.6884473083125963,0.6991287469863892,0.04,0.2,0.0,1.0
blitz,1,0.001,True,0.5,22,32,0.1,128,True,False,0.10897435897435898,0.10897435897435898,0.20481927710843373,0.14225941422594143,0.6861850795063963,0.3224775195121765,0.0,0.0,0.0,0.0
blitz,1,0.001,True,0.5,22,32,0.1,128,False,True,0.08,0.08,0.5783132530120482,0.14055636896046855,0.6723198061780739,0.6510462760925293,0.0,0.0,0.0,0.0
blitz,1,0.001,True,0.5,22,32,0.1,128,False,False,0.09486166007905138,0.09486166007905138,0.2891566265060241,0.14285714285714285,0.6666934242116862,0.4266728162765503,0.08,0.27,0.0,1.0
blitz,1,0.001,True,0.5,23,32,0.1,128,True,True,0.1070110701107011,0.1070110701107011,0.3493975903614458,0.1638418079096045,0.6954310275627038,0.7140700221061707,0.0,0.0,0.0,0.0
blitz,1,0.001,True,0.5,23,32,0.1,128,True,False,0.14414414414414414,0.14414414414414414,0.1927710843373494,0.1649484536082474,0.6832222895215021,0.31228333711624146,0.0,0.0,0.0,0.0
blitz,1,0.001,True,0.5,23,32,0.1,128,False,True,0.09556313993174062,0.09556313993174062,0.6746987951807228,0.16741405082212257,0.6766691234958003,0.6622464060783386,0.0,0.0,0.0,0.0
blitz,1,0.001,True,0.5,23,32,0.1,128,False,False,0.1015625,0.1015625,0.3132530120481928,0.15339233038348082,0.6515802762838148,0.4301103949546814,0.0,0.0,0.0,0.0
blitz,1,0.001,True,1.0,21,32,0.1,128,True,True,0.09855072463768116,0.09855072463768116,0.40963855421686746,0.15887850467289721,0.6722906161289616,0.711488664150238,0.08,0.27,0.0,1.0
blitz,1,0.001,True,1.0,21,32,0.1,128,True,False,0.09855072463768116,0.09855072463768116,0.40963855421686746,0.15887850467289721,0.6722906161289616,0.4762076437473297,0.08,0.27,0.0,1.0
blitz,1,0.001,True,1.0,21,32,0.1,128,False,True,0.08043875685557587,0.08043875685557587,0.5301204819277109,0.13968253968253969,0.6485591062006962,0.6788100600242615,0.0,0.0,0.0,0.0
blitz,1,0.001,True,1.0,21,32,0.1,128,False,False,0.08043875685557587,0.08043875685557587,0.5301204819277109,0.13968253968253969,0.6485591062006962,0.6095660328865051,0.04,0.2,0.0,1.0
blitz,1,0.001,True,1.0,22,32,0.1,128,True,True,0.09841269841269841,0.09841269841269841,0.37349397590361444,0.1557788944723618,0.6754212488962512,0.7251115441322327,0.08,0.27,0.0,1.0
blitz,1,0.001,True,1.0,22,32,0.1,128,True,False,0.09841269841269841,0.09841269841269841,0.37349397590361444,0.1557788944723618,0.6754212488962512,0.441245436668396,0.08,0.27,0.0,1.0
blitz,1,0.001,True,1.0,22,32,0.1,128,False,True,0.06840390879478828,0.06840390879478828,0.5060240963855421,0.1205164992826399,0.6367444338225099,0.6591913104057312,0.0,0.0,0.0,0.0
blitz,1,0.001,True,1.0,22,32,0.1,128,False,False,0.06840390879478828,0.06840390879478828,0.5060240963855421,0.1205164992826399,0.6367444338225099,0.6372665166854858,0.04,0.2,0.0,1.0
blitz,1,0.001,True,1.0,23,32,0.1,128,True,True,0.09863945578231292,0.09863945578231292,0.3493975903614458,0.15384615384615385,0.6746477125947765,0.7642158269882202,0.0,0.0,0.0,0.0
blitz,1,0.001,True,1.0,23,32,0.1,128,True,False,0.09863945578231292,0.09863945578231292,0.3493975903614458,0.15384615384615385,0.6746477125947765,0.4211331903934479,0.0,0.0,0.0,0.0
blitz,1,0.001,True,1.0,23,32,0.1,128,False,True,0.08532423208191127,0.08532423208191127,0.6024096385542169,0.14947683109118087,0.67369173848635,0.6647288799285889,0.04,0.2,0.0,1.0
blitz,1,0.001,True,1.0,23,32,0.1,128,False,False,0.08532423208191127,0.08532423208191127,0.6024096385542169,0.14947683109118087,0.67369173848635,0.6306043863296509,0.12,0.32,0.0,1.0
blitz,1,0.001,False,0.0,21,32,0.1,128,True,True,0.14414414414414414,0.14414414414414414,0.3855421686746988,0.2098360655737705,0.6981092145687535,0.7506296038627625,0.0,0.0,0.0,0.0
blitz,1,0.001,False,0.0,21,32,0.1,128,True,False,0.0,0.0,0.0,0.0,0.6307312837053849,0.19099463522434235,0.0,0.0,0.0,0.0
blitz,1,0.001,False,0.0,21,32,0.1,128,False,True,0.11494252873563218,0.11494252873563218,0.4819277108433735,0.18561484918793505,0.6994373618033612,0.6686986088752747,0.12,0.32,0.0,1.0
blitz,1,0.001,False,0.0,21,32,0.1,128,False,False,0.0,0.0,0.0,0.0,0.5786343435522829,0.19893768429756165,0.04,0.2,0.0,1.0
blitz,1,0.001,False,0.0,22,32,0.1,128,True,True,0.1336405529953917,0.1336405529953917,0.3493975903614458,0.19333333333333336,0.7035239686790773,0.6896569132804871,0.04,0.2,0.0,1.0
blitz,1,0.001,False,0.0,22,32,0.1,128,True,False,0.0,0.0,0.0,0.0,0.6703275853261623,0.18712517619132996,0.0,0.0,0.0,0.0
blitz,1,0.001,False,0.0,22,32,0.1,128,False,True,0.09898989898989899,0.09898989898989899,0.5903614457831325,0.16955017301038064,0.6895930177402523,0.6428322196006775,0.0,0.0,0.0,0.0
blitz,1,0.001,False,0.0,22,32,0.1,128,False,False,0.0,0.0,0.0,0.0,0.6317456379120359,0.19352388381958008,0.04,0.2,0.0,1.0
blitz,1,0.001,False,0.0,23,32,0.1,128,True,True,0.13636363636363635,0.13636363636363635,0.3614457831325301,0.198019801980198,0.7114125794516649,0.7270113229751587,0.08,0.27,0.0,1.0
blitz,1,0.001,False,0.0,23,32,0.1,128,True,False,0.0,0.0,0.0,0.0,0.6614684054205922,0.18757246434688568,0.08,0.27,0.0,1.0
blitz,1,0.001,False,0.0,23,32,0.1,128,False,True,0.10512820512820513,0.10512820512820513,0.4939759036144578,0.1733615221987315,0.7120693555566907,0.6564417481422424,0.08,0.27,0.0,1.0
blitz,1,0.001,False,0.0,23,32,0.1,128,False,False,0.0,0.0,0.0,0.0,0.6091744324359826,0.19730088114738464,0.0,0.0,0.0,0.0
blitz,1,0.001,False,0.5,21,32,0.1,128,True,True,0.16071428571428573,0.16071428571428573,0.43373493975903615,0.23452768729641696,0.7144775346084519,0.8966382741928101,0.04,0.2,0.0,1.0
blitz,1,0.001,False,0.5,21,32,0.1,128,True,False,0.23140495867768596,0.23140495867768596,0.3373493975903614,0.2745098039215686,0.7127991067844971,0.2575002908706665,0.08,0.27,0.0,1.0
blitz,1,0.001,False,0.5,21,32,0.1,128,False,True,0.16260162601626016,0.16260162601626016,0.4819277108433735,0.24316109422492402,0.716630300730481,0.9022310972213745,0.04,0.2,0.0,1.0
blitz,1,0.001,False,0.5,21,32,0.1,128,False,False,0.20512820512820512,0.20512820512820512,0.3855421686746988,0.26778242677824265,0.726832222895215,0.28482457995414734,0.12,0.32,0.0,1.0
blitz,1,0.001,False,0.5,22,32,0.1,128,True,True,0.16666666666666666,0.16666666666666666,0.3253012048192771,0.2204081632653061,0.718440083775441,0.9129793643951416,0.0,0.0,0.0,0.0
blitz,1,0.001,False,0.5,22,32,0.1,128,True,False,0.2653061224489796,0.2653061224489796,0.1566265060240964,0.196969696969697,0.7171484241022236,0.22103045880794525,0.0,0.0,0.0,0.0
blitz,1,0.001,False,0.5,22,32,0.1,128,False,True,0.14093959731543623,0.14093959731543623,0.5060240963855421,0.22047244094488186,0.7254748856114951,0.8184708952903748,0.16,0.37,0.0,1.0
blitz,1,0.001,False,0.5,22,32,0.1,128,False,False,0.1807909604519774,0.1807909604519774,0.3855421686746988,0.2461538461538462,0.7290360716031904,0.2930469214916229,0.16,0.37,0.0,1.0
blitz,1,0.001,False,0.5,23,32,0.1,128,True,True,0.13259668508287292,0.13259668508287292,0.2891566265060241,0.1818181818181818,0.7002546831785045,0.9494003653526306,0.04,0.2,0.0,1.0
blitz,1,0.001,False,0.5,23,32,0.1,128,True,False,0.17045454545454544,0.17045454545454544,0.18072289156626506,0.17543859649122806,0.7072311049163341,0.23698678612709045,0.0,0.0,0.0,0.0
blitz,1,0.001,False,0.5,23,32,0.1,128,False,True,0.1761904761904762,0.1761904761904762,0.4457831325301205,0.2525597269624573,0.6924098574795853,1.0646569728851318,0.12,0.32,0.0,1.0
blitz,1,0.001,False,0.5,23,32,0.1,128,False,False,0.17647058823529413,0.17647058823529413,0.2891566265060241,0.21917808219178084,0.7005100961082367,0.2602201998233795,0.08,0.27,0.0,1.0
blitz,1,0.001,False,1.0,21,32,0.1,128,True,True,0.24,0.24,0.3614457831325301,0.28846153846153844,0.7202352717958449,1.1504510641098022,0.12,0.32,0.0,1.0
blitz,1,0.001,False,1.0,21,32,0.1,128,True,False,0.24,0.24,0.3614457831325301,0.28846153846153844,0.7202352717958449,0.25870805978775024,0.08,0.27,0.0,1.0
blitz,1,0.001,False,1.0,21,32,0.1,128,False,True,0.18316831683168316,0.18316831683168316,0.4457831325301205,0.2596491228070176,0.7199944538906686,1.081573247909546,0.04,0.2,0.0,1.0
blitz,1,0.001,False,1.0,21,32,0.1,128,False,False,0.18316831683168316,0.18316831683168316,0.4457831325301205,0.2596491228070176,0.7199944538906686,0.31836965680122375,0.08,0.27,0.0,1.0
blitz,1,0.001,False,1.0,22,32,0.1,128,True,True,0.1583710407239819,0.1583710407239819,0.42168674698795183,0.2302631578947368,0.7298460954660556,0.7572602033615112,0.0,0.0,0.0,0.0
blitz,1,0.001,False,1.0,22,32,0.1,128,True,False,0.1583710407239819,0.1583710407239819,0.42168674698795183,0.2302631578947368,0.7298460954660556,0.328548789024353,0.0,0.0,0.0,0.0
blitz,1,0.001,False,1.0,22,32,0.1,128,False,True,0.17117117117117117,0.17117117117117117,0.4578313253012048,0.24918032786885247,0.7181189932352062,1.0066455602645874,0.0,0.0,0.0,0.0
blitz,1,0.001,False,1.0,22,32,0.1,128,False,False,0.17117117117117117,0.17117117117117117,0.4578313253012048,0.24918032786885247,0.7181189932352062,0.3263779580593109,0.08,0.27,0.0,1.0
blitz,1,0.001,False,1.0,23,32,0.1,128,True,True,0.19166666666666668,0.19166666666666668,0.27710843373493976,0.2266009852216749,0.7044361577138354,1.115236520767212,0.08,0.27,0.0,1.0
blitz,1,0.001,False,1.0,23,32,0.1,128,True,False,0.19166666666666668,0.19166666666666668,0.27710843373493976,0.2266009852216749,0.7044361577138354,0.25324907898902893,0.04,0.2,0.0,1.0
blitz,1,0.001,False,1.0,23,32,0.1,128,False,True,0.19101123595505617,0.19101123595505617,0.40963855421686746,0.26053639846743293,0.6991600563367948,1.1819229125976562,0.12,0.32,0.0,1.0
blitz,1,0.001,False,1.0,23,32,0.1,128,False,False,0.19101123595505617,0.19101123595505617,0.40963855421686746,0.26053639846743293,0.6991600563367948,0.30525973439216614,0.08,0.27,0.0,1.0
blitz,2,0.001,True,0.0,21,32,0.1,128,True,True,0.18099547511312217,0.18099547511312217,0.4819277108433735,0.2631578947368421,0.7068297417410405,0.9121866226196289,0.0,0.0,0.0,0.0
blitz,2,0.001,True,0.0,21,32,0.1,128,True,False,0.0,0.0,0.0,0.0,0.7108944560799224,0.18387044966220856,0.08,0.27,0.0,1.0
blitz,2,0.001,True,0.0,21,32,0.1,128,False,True,0.14950166112956811,0.14950166112956811,0.5421686746987951,0.234375,0.7123977436092036,0.8188285231590271,0.08,0.27,0.0,1.0
blitz,2,0.001,True,0.0,21,32,0.1,128,False,False,0.0,0.0,0.0,0.0,0.6671604649974824,0.2018122673034668,0.0,0.0,0.0,0.0
blitz,2,0.001,True,0.0,22,32,0.1,128,True,True,0.24778761061946902,0.24778761061946902,0.3373493975903614,0.2857142857142857,0.7492720731502631,0.9089910984039307,0.04,0.2,0.0,1.0
blitz,2,0.001,True,0.0,22,32,0.1,128,True,False,0.0,0.0,0.0,0.0,0.6865499551202995,0.1871848702430725,0.04,0.2,0.0,1.0
blitz,2,0.001,True,0.0,22,32,0.1,128,False,True,0.14836795252225518,0.14836795252225518,0.6024096385542169,0.23809523809523808,0.7552268431691637,0.6978631615638733,0.08,0.27,0.0,1.0
blitz,2,0.001,True,0.0,22,32,0.1,128,False,False,0.0,0.0,0.0,0.0,0.6818138696518358,0.1971861571073532,0.0,0.0,0.0,0.0
blitz,2,0.001,True,0.0,23,32,0.1,128,True,True,0.2727272727272727,0.2727272727272727,0.21686746987951808,0.2416107382550335,0.7267884378215468,1.1776578426361084,0.2,0.4,0.0,1.0
blitz,2,0.001,True,0.0,23,32,0.1,128,True,False,0.0,0.0,0.0,0.0,0.6775375274568899,0.19673368334770203,0.0,0.0,0.0,0.0
blitz,2,0.001,True,0.0,23,32,0.1,128,False,True,0.13953488372093023,0.13953488372093023,0.5060240963855421,0.21874999999999997,0.7293425671188692,0.7057210206985474,0.12,0.32,0.0,1.0
blitz,2,0.001,True,0.0,23,32,0.1,128,False,False,0.0,0.0,0.0,0.0,0.6920011967920137,0.1869107484817505,0.0,0.0,0.0,0.0
blitz,2,0.001,True,0.5,21,32,0.1,128,True,True,0.15434083601286175,0.15434083601286175,0.5783132530120482,0.2436548223350254,0.7211693533674369,0.7113730311393738,0.08,0.27,0.0,1.0
blitz,2,0.001,True,0.5,21,32,0.1,128,True,False,0.1781609195402299,0.1781609195402299,0.37349397590361444,0.24124513618677046,0.726715462698766,0.2831576466560364,0.08,0.27,0.0,1.0
blitz,2,0.001,True,0.5,21,32,0.1,128,False,True,0.11444141689373297,0.11444141689373297,0.5060240963855421,0.18666666666666665,0.7060562054395656,0.6640527844429016,0.04,0.2,0.0,1.0
blitz,2,0.001,True,0.5,21,32,0.1,128,False,False,0.13636363636363635,0.13636363636363635,0.39759036144578314,0.20307692307692307,0.6967299847481994,0.37659701704978943,0.04,0.2,0.0,1.0
blitz,2,0.001,True,0.5,22,32,0.1,128,True,True,0.11016949152542373,0.11016949152542373,0.46987951807228917,0.17848970251716248,0.7141929316296075,0.7770089507102966,0.04,0.2,0.0,1.0
blitz,2,0.001,True,0.5,22,32,0.1,128,True,False,0.1377551020408163,0.1377551020408163,0.3253012048192771,0.19354838709677416,0.7021958214444696,0.31547561287879944,0.04,0.2,0.0,1.0
blitz,2,0.001,True,0.5,22,32,0.1,128,False,True,0.10139860139860139,0.10139860139860139,0.6987951807228916,0.17709923664122137,0.7069902870111578,0.6541200876235962,0.04,0.2,0.0,1.0
blitz,2,0.001,True,0.5,22,32,0.1,128,False,False,0.11976047904191617,0.11976047904191617,0.24096385542168675,0.16,0.6878999948917415,0.39929550886154175,0.0,0.0,0.0,0.0
blitz,2,0.001,True,0.5,23,32,0.1,128,True,True,0.12987012987012986,0.12987012987012986,0.4819277108433735,0.20460358056265981,0.6984011150598761,0.8492298722267151,0.04,0.2,0.0,1.0
blitz,2,0.001,True,0.5,23,32,0.1,128,True,False,0.2,0.2,0.2891566265060241,0.23645320197044337,0.6989046434070625,0.2502998113632202,0.08,0.27,0.0,1.0
blitz,2,0.001,True,0.5,23,32,0.1,128,False,True,0.1032258064516129,0.1032258064516129,0.5783132530120482,0.1751824817518248,0.6942488305736574,0.7184728384017944,0.08,0.27,0.0,1.0
blitz,2,0.001,True,0.5,23,32,0.1,128,False,False,0.10802469135802469,0.10802469135802469,0.42168674698795183,0.17199017199017197,0.6927382455320982,0.4197657108306885,0.04,0.2,0.0,1.0
blitz,2,0.001,True,1.0,21,32,0.1,128,True,True,0.13765182186234817,0.13765182186234817,0.40963855421686746,0.20606060606060606,0.6704370480103332,0.9813572764396667,0.08,0.27,0.0,1.0
blitz,2,0.001,True,1.0,21,32,0.1,128,True,False,0.13765182186234817,0.13765182186234817,0.40963855421686746,0.20606060606060606,0.6704370480103332,0.3855738937854767,0.04,0.2,0.0,1.0
blitz,2,0.001,True,1.0,21,32,0.1,128,False,True,0.09514563106796116,0.09514563106796116,0.5903614457831325,0.16387959866220736,0.6948691191172929,0.6981281042098999,0.08,0.27,0.0,1.0
blitz,2,0.001,True,1.0,21,32,0.1,128,False,False,0.09514563106796116,0.09514563106796116,0.5903614457831325,0.16387959866220736,0.6948691191172929,0.6420983076095581,0.08,0.27,0.0,1.0
blitz,2,0.001,True,1.0,22,32,0.1,128,True,True,0.10437710437710437,0.10437710437710437,0.37349397590361444,0.1631578947368421,0.6950880444856349,0.9075168371200562,0.04,0.2,0.0,1.0
blitz,2,0.001,True,1.0,22,32,0.1,128,True,False,0.10437710437710437,0.10437710437710437,0.37349397590361444,0.1631578947368421,0.6950880444856349,0.43456488847732544,0.12,0.32,0.0,1.0
blitz,2,0.001,True,1.0,22,32,0.1,128,False,True,0.08702064896755163,0.08702064896755163,0.7108433734939759,0.15505913272010516,0.7074135427232857,0.6452670097351074,0.04,0.2,0.0,1.0
blitz,2,0.001,True,1.0,22,32,0.1,128,False,False,0.08702064896755163,0.08702064896755163,0.7108433734939759,0.15505913272010516,0.7074135427232857,0.6717559695243835,0.0,0.0,0.0,0.0
blitz,2,0.001,True,1.0,23,32,0.1,128,True,True,0.11149825783972125,0.11149825783972125,0.3855421686746988,0.17297297297297298,0.6669634321659745,1.0246481895446777,0.0,0.0,0.0,0.0
blitz,2,0.001,True,1.0,23,32,0.1,128,True,False,0.11149825783972125,0.11149825783972125,0.3855421686746988,0.17297297297297298,0.6669634321659745,0.4128921329975128,0.08,0.27,0.0,1.0
blitz,2,0.001,True,1.0,23,32,0.1,128,False,True,0.09208400646203554,0.09208400646203554,0.6867469879518072,0.1623931623931624,0.689330307298242,0.7235315442085266,0.12,0.32,0.0,1.0
blitz,2,0.001,True,1.0,23,32,0.1,128,False,False,0.09208400646203554,0.09208400646203554,0.6867469879518072,0.1623931623931624,0.689330307298242,0.6682458519935608,0.0,0.0,0.0,0.0
blitz,2,0.001,False,0.0,21,32,0.1,128,True,True,0.18099547511312217,0.18099547511312217,0.4819277108433735,0.2631578947368421,0.7068297417410405,0.9121866226196289,0.08,0.27,0.0,1.0
blitz,2,0.001,False,0.0,21,32,0.1,128,True,False,0.0,0.0,0.0,0.0,0.7108944560799224,0.18387044966220856,0.04,0.2,0.0,1.0
blitz,2,0.001,False,0.0,21,32,0.1,128,False,True,0.14950166112956811,0.14950166112956811,0.5421686746987951,0.234375,0.7123977436092036,0.8188285231590271,0.12,0.32,0.0,1.0
blitz,2,0.001,False,0.0,21,32,0.1,128,False,False,0.0,0.0,0.0,0.0,0.6671604649974824,0.2018122673034668,0.0,0.0,0.0,0.0
blitz,2,0.001,False,0.0,22,32,0.1,128,True,True,0.24778761061946902,0.24778761061946902,0.3373493975903614,0.2857142857142857,0.7492720731502631,0.9089910984039307,0.04,0.2,0.0,1.0
blitz,2,0.001,False,0.0,22,32,0.1,128,True,False,0.0,0.0,0.0,0.0,0.6865499551202995,0.1871848702430725,0.0,0.0,0.0,0.0
blitz,2,0.001,False,0.0,22,32,0.1,128,False,True,0.14836795252225518,0.14836795252225518,0.6024096385542169,0.23809523809523808,0.7552268431691637,0.6978631615638733,0.04,0.2,0.0,1.0
blitz,2,0.001,False,0.0,22,32,0.1,128,False,False,0.0,0.0,0.0,0.0,0.6818138696518358,0.1971861571073532,0.0,0.0,0.0,0.0
blitz,2,0.001,False,0.0,23,32,0.1,128,True,True,0.2727272727272727,0.2727272727272727,0.21686746987951808,0.2416107382550335,0.7267884378215468,1.1776578426361084,0.16,0.37,0.0,1.0
blitz,2,0.001,False,0.0,23,32,0.1,128,True,False,0.0,0.0,0.0,0.0,0.6775375274568899,0.19673368334770203,0.0,0.0,0.0,0.0
blitz,2,0.001,False,0.0,23,32,0.1,128,False,True,0.13953488372093023,0.13953488372093023,0.5060240963855421,0.21874999999999997,0.7293425671188692,0.7057210206985474,0.04,0.2,0.0,1.0
blitz,2,0.001,False,0.0,23,32,0.1,128,False,False,0.0,0.0,0.0,0.0,0.6920011967920137,0.1869107484817505,0.0,0.0,0.0,0.0
blitz,2,0.001,False,0.5,21,32,0.1,128,True,True,0.21465968586387435,0.21465968586387435,0.4939759036144578,0.29927007299270075,0.71719950668817,1.3556592464447021,0.2,0.4,0.0,1.0
blitz,2,0.001,False,0.5,21,32,0.1,128,True,False,0.375,0.375,0.25301204819277107,0.3021582733812949,0.7121788182408617,0.21768346428871155,0.12,0.32,0.0,1.0
blitz,2,0.001,False,0.5,21,32,0.1,128,False,True,0.2303370786516854,0.2303370786516854,0.4939759036144578,0.314176245210728,0.698401115059876,1.9107962846755981,0.04,0.2,0.0,1.0
blitz,2,0.001,False,0.5,21,32,0.1,128,False,False,0.4444444444444444,0.4444444444444444,0.3373493975903614,0.3835616438356164,0.7247232418468543,0.3297712504863739,0.12,0.32,0.0,1.0
blitz,2,0.001,False,0.5,22,32,0.1,128,True,True,0.2689075630252101,0.2689075630252101,0.3855421686746988,0.31683168316831684,0.7450468135412637,1.5965123176574707,0.0,0.0,0.0,0.0
blitz,2,0.001,False,0.5,22,32,0.1,128,True,False,0.24107142857142858,0.24107142857142858,0.3253012048192771,0.27692307692307694,0.7216072041041209,0.25204169750213623,0.04,0.2,0.0,1.0
blitz,2,0.001,False,0.5,22,32,0.1,128,False,True,0.1921182266009852,0.1921182266009852,0.46987951807228917,0.27272727272727276,0.7364868316390943,1.4464054107666016,0.16,0.37,0.0,1.0
blitz,2,0.001,False,0.5,22,32,0.1,128,False,False,0.3469387755102041,0.3469387755102041,0.40963855421686746,0.37569060773480667,0.7402231579254633,0.29077669978141785,0.04,0.2,0.0,1.0
blitz,2,0.001,False,0.5,23,32,0.1,128,True,True,0.2302158273381295,0.2302158273381295,0.3855421686746988,0.2882882882882883,0.6933512365634558,1.385265827178955,0.08,0.27,0.0,1.0
blitz,2,0.001,False,0.5,23,32,0.1,128,True,False,0.39622641509433965,0.39622641509433965,0.25301204819277107,0.3088235294117647,0.685929666576664,0.2623540163040161,0.08,0.27,0.0,1.0
blitz,2,0.001,False,0.5,23,32,0.1,128,False,True,0.17964071856287425,0.17964071856287425,0.3614457831325301,0.23999999999999996,0.6917895689359496,1.692324161529541,0.12,0.32,0.0,1.0
blitz,2,0.001,False,0.5,23,32,0.1,128,False,False,0.3253012048192771,0.3253012048192771,0.3253012048192771,0.3253012048192771,0.678201601074194,0.3261289894580841,0.08,0.27,0.0,1.0
blitz,2,0.001,False,1.0,21,32,0.1,128,True,True,0.3069306930693069,0.3069306930693069,0.37349397590361444,0.33695652173913043,0.7002254931293922,2.1848785877227783,0.0,0.0,0.0,0.0
blitz,2,0.001,False,1.0,21,32,0.1,128,True,False,0.3069306930693069,0.3069306930693069,0.37349397590361444,0.33695652173913043,0.7002254931293922,0.3056138753890991,0.16,0.37,0.0,1.0
blitz,2,0.001,False,1.0,21,32,0.1,128,False,True,0.32038834951456313,0.32038834951456313,0.39759036144578314,0.3548387096774194,0.7158567644290061,2.89743709564209,0.12,0.32,0.0,1.0
blitz,2,0.001,False,1.0,21,32,0.1,128,False,False,0.32038834951456313,0.32038834951456313,0.39759036144578314,0.3548387096774194,0.7158567644290061,0.37346476316452026,0.08,0.27,0.0,1.0
blitz,2,0.001,False,1.0,22,32,0.1,128,True,True,0.27611940298507465,0.27611940298507465,0.4457831325301205,0.34101382488479265,0.7502280472586895,1.4383776187896729,0.12,0.32,0.0,1.0
blitz,2,0.001,False,1.0,22,32,0.1,128,True,False,0.27611940298507465,0.27611940298507465,0.4457831325301205,0.34101382488479265,0.7502280472586895,0.2827099561691284,0.08,0.27,0.0,1.0
blitz,2,0.001,False,1.0,22,32,0.1,128,False,True,0.28703703703703703,0.28703703703703703,0.37349397590361444,0.32460732984293195,0.7360781709515226,2.420713424682617,0.04,0.2,0.0,1.0
blitz,2,0.001,False,1.0,22,32,0.1,128,False,False,0.28703703703703703,0.28703703703703703,0.37349397590361444,0.32460732984293195,0.7360781709515226,0.3344435393810272,0.04,0.2,0.0,1.0
blitz,2,0.001,False,1.0,23,32,0.1,128,True,True,0.3246753246753247,0.3246753246753247,0.30120481927710846,0.31250000000000006,0.67708508169565,2.5059590339660645,0.04,0.2,0.0,1.0
blitz,2,0.001,False,1.0,23,32,0.1,128,True,False,0.3246753246753247,0.3246753246753247,0.30120481927710846,0.31250000000000006,0.67708508169565,0.32969874143600464,0.04,0.2,0.0,1.0
blitz,2,0.001,False,1.0,23,32,0.1,128,False,True,0.39705882352941174,0.39705882352941174,0.3253012048192771,0.3576158940397351,0.6797340786525874,3.5688283443450928,0.16,0.37,0.0,1.0
blitz,2,0.001,False,1.0,23,32,0.1,128,False,False,0.39705882352941174,0.39705882352941174,0.3253012048192771,0.3576158940397351,0.6797340786525874,0.4088965952396393,0.24,0.43,0.0,1.0
blitz,3,0.001,True,0.0,21,32,0.1,128,True,True,0.18023255813953487,0.18023255813953487,0.37349397590361444,0.24313725490196078,0.7124853137565403,1.2420352697372437,0.04,0.2,0.0,1.0
blitz,3,0.001,True,0.0,21,32,0.1,128,True,False,0.0,0.0,0.0,0.0,0.7012617398728774,0.21756745874881744,0.0,0.0,0.0,0.0
blitz,3,0.001,True,0.0,21,32,0.1,128,False,True,0.09913793103448276,0.09913793103448276,0.5542168674698795,0.16819012797074953,0.6965329519166916,1.0924246311187744,0.08,0.27,0.0,1.0
blitz,3,0.001,True,0.0,21,32,0.1,128,False,False,0.0,0.0,0.0,0.0,0.7007946990870813,0.1887279599905014,0.0,0.0,0.0,0.0
blitz,3,0.001,True,0.0,22,32,0.1,128,True,True,0.26666666666666666,0.26666666666666666,0.3855421686746988,0.31527093596059114,0.7387198703961818,1.133961796760559,0.04,0.2,0.0,1.0
blitz,3,0.001,True,0.0,22,32,0.1,128,True,False,0.0,0.0,0.0,0.0,0.6669123495800281,0.20282554626464844,0.04,0.2,0.0,1.0
blitz,3,0.001,True,0.0,22,32,0.1,128,False,True,0.1393939393939394,0.1393939393939394,0.5542168674698795,0.22276029055690072,0.7390774484978071,0.9937722086906433,0.12,0.32,0.0,1.0
blitz,3,0.001,True,0.0,22,32,0.1,128,False,False,0.0,0.0,0.0,0.0,0.700203600592558,0.20438244938850403,0.0,0.0,0.0,0.0
blitz,3,0.001,True,0.0,23,32,0.1,128,True,True,0.19883040935672514,0.19883040935672514,0.40963855421686746,0.26771653543307083,0.7075740879934032,1.2723280191421509,0.12,0.32,0.0,1.0
blitz,3,0.001,True,0.0,23,32,0.1,128,True,False,0.0,0.0,0.0,0.0,0.6867907730254755,0.20115876197814941,0.0,0.0,0.0,0.0
blitz,3,0.001,True,0.0,23,32,0.1,128,False,True,0.19,0.19,0.4578313253012048,0.26855123674911663,0.7235337473455299,1.2276614904403687,0.16,0.37,0.0,1.0
blitz,3,0.001,True,0.0,23,32,0.1,128,False,False,0.0,0.0,0.0,0.0,0.692373369918195,0.18987980484962463,0.04,0.2,0.0,1.0
blitz,3,0.001,True,0.5,21,32,0.1,128,True,True,0.17142857142857143,0.17142857142857143,0.43373493975903615,0.24573378839590446,0.7211036757569343,0.9643985033035278,0.08,0.27,0.0,1.0
blitz,3,0.001,True,0.5,21,32,0.1,128,True,False,0.15492957746478872,0.15492957746478872,0.39759036144578314,0.22297297297297297,0.7205125772624114,0.32316291332244873,0.12,0.32,0.0,1.0
blitz,3,0.001,True,0.5,21,32,0.1,128,False,True,0.11637931034482758,0.11637931034482758,0.6506024096385542,0.19744058500914075,0.7240518707172724,0.7064749598503113,0.0,0.0,0.0,0.0
blitz,3,0.001,True,0.5,21,32,0.1,128,False,False,0.14814814814814814,0.14814814814814814,0.5301204819277109,0.23157894736842105,0.7215634190304525,0.37189432978630066,0.08,0.27,0.0,1.0
blitz,3,0.001,True,0.5,22,32,0.1,128,True,True,0.1016597510373444,0.1016597510373444,0.5903614457831325,0.17345132743362832,0.7175205972284049,0.778239369392395,0.08,0.27,0.0,1.0
blitz,3,0.001,True,0.5,22,32,0.1,128,True,False,0.168,0.168,0.25301204819277107,0.20192307692307693,0.7154481037414344,0.26772162318229675,0.04,0.2,0.0,1.0
blitz,3,0.001,True,0.5,22,32,0.1,128,False,True,0.10351966873706005,0.10351966873706005,0.6024096385542169,0.17667844522968199,0.714368071924281,0.7509535551071167,0.12,0.32,0.0,1.0
blitz,3,0.001,True,0.5,22,32,0.1,128,False,False,0.10335917312661498,0.10335917312661498,0.4819277108433735,0.17021276595744678,0.7035385637036334,0.4718664884567261,0.16,0.37,0.0,1.0
blitz,3,0.001,True,0.5,23,32,0.1,128,True,True,0.16055045871559634,0.16055045871559634,0.42168674698795183,0.23255813953488375,0.7210161056095977,1.046369194984436,0.08,0.27,0.0,1.0
blitz,3,0.001,True,0.5,23,32,0.1,128,True,False,0.19083969465648856,0.19083969465648856,0.30120481927710846,0.23364485981308414,0.7058299825589456,0.2734193801879883,0.12,0.32,0.0,1.0
blitz,3,0.001,True,0.5,23,32,0.1,128,False,True,0.10602910602910603,0.10602910602910603,0.6144578313253012,0.18085106382978725,0.696226456401013,0.8131288290023804,0.16,0.37,0.0,1.0
blitz,3,0.001,True,0.5,23,32,0.1,128,False,False,0.12693498452012383,0.12693498452012383,0.4939759036144578,0.20197044334975373,0.6950515569242446,0.4384695589542389,0.08,0.27,0.0,1.0
blitz,3,0.001,True,1.0,21,32,0.1,128,True,True,0.13513513513513514,0.13513513513513514,0.4819277108433735,0.21108179419525067,0.7041807447841031,1.031282901763916,0.0,0.0,0.0,0.0
blitz,3,0.001,True,1.0,21,32,0.1,128,True,False,0.13513513513513514,0.13513513513513514,0.4819277108433735,0.21108179419525067,0.7041807447841031,0.4279061555862427,0.0,0.0,0.0,0.0
blitz,3,0.001,True,1.0,21,32,0.1,128,False,True,0.0968421052631579,0.0968421052631579,0.5542168674698795,0.16487455197132617,0.7017360781709515,0.7055419683456421,0.0,0.0,0.0,0.0
blitz,3,0.001,True,1.0,21,32,0.1,128,False,False,0.0968421052631579,0.0968421052631579,0.5542168674698795,0.16487455197132617,0.7017360781709515,0.5526303648948669,0.0,0.0,0.0,0.0
blitz,3,0.001,True,1.0,22,32,0.1,128,True,True,0.09930715935334873,0.09930715935334873,0.5180722891566265,0.16666666666666666,0.6980581319828071,0.8460366725921631,0.0,0.0,0.0,0.0
blitz,3,0.001,True,1.0,22,32,0.1,128,True,False,0.09930715935334873,0.09930715935334873,0.5180722891566265,0.16666666666666666,0.6980581319828071,0.5626848936080933,0.0,0.0,0.0,0.0
blitz,3,0.001,True,1.0,22,32,0.1,128,False,True,0.10782241014799154,0.10782241014799154,0.6144578313253012,0.18345323741007197,0.7115074471112798,0.7634739279747009,0.08,0.27,0.0,1.0
blitz,3,0.001,True,1.0,22,32,0.1,128,False,False,0.10782241014799154,0.10782241014799154,0.6144578313253012,0.18345323741007197,0.7115074471112798,0.5261770486831665,0.2,0.4,0.0,1.0
blitz,3,0.001,True,1.0,23,32,0.1,128,True,True,0.11228070175438597,0.11228070175438597,0.3855421686746988,0.17391304347826086,0.6906000744346253,0.9517370462417603,0.12,0.32,0.0,1.0
blitz,3,0.001,True,1.0,23,32,0.1,128,True,False,0.11228070175438597,0.11228070175438597,0.3855421686746988,0.17391304347826086,0.6906000744346253,0.42659780383110046,0.08,0.27,0.0,1.0
blitz,3,0.001,True,1.0,23,32,0.1,128,False,True,0.10408163265306122,0.10408163265306122,0.6144578313253012,0.17801047120418848,0.6936285420300219,0.7643929123878479,0.0,0.0,0.0,0.0
blitz,3,0.001,True,1.0,23,32,0.1,128,False,False,0.10408163265306122,0.10408163265306122,0.6144578313253012,0.17801047120418848,0.6936285420300219,0.5822857022285461,0.12,0.32,0.0,1.0
blitz,3,0.001,False,0.0,21,32,0.1,128,True,True,0.18023255813953487,0.18023255813953487,0.37349397590361444,0.24313725490196078,0.7124853137565403,1.2420352697372437,0.0,0.0,0.0,0.0
blitz,3,0.001,False,0.0,21,32,0.1,128,True,False,0.0,0.0,0.0,0.0,0.7012617398728774,0.21756745874881744,0.0,0.0,0.0,0.0
blitz,3,0.001,False,0.0,21,32,0.1,128,False,True,0.09913793103448276,0.09913793103448276,0.5542168674698795,0.16819012797074953,0.6965329519166916,1.0924246311187744,0.08,0.27,0.0,1.0
blitz,3,0.001,False,0.0,21,32,0.1,128,False,False,0.0,0.0,0.0,0.0,0.7007946990870813,0.1887279599905014,0.0,0.0,0.0,0.0
blitz,3,0.001,False,0.0,22,32,0.1,128,True,True,0.26666666666666666,0.26666666666666666,0.3855421686746988,0.31527093596059114,0.7387198703961818,1.133961796760559,0.12,0.32,0.0,1.0
blitz,3,0.001,False,0.0,22,32,0.1,128,True,False,0.0,0.0,0.0,0.0,0.6669123495800281,0.20282554626464844,0.0,0.0,0.0,0.0
blitz,3,0.001,False,0.0,22,32,0.1,128,False,True,0.1393939393939394,0.1393939393939394,0.5542168674698795,0.22276029055690072,0.7390774484978071,0.9937722086906433,0.12,0.32,0.0,1.0
blitz,3,0.001,False,0.0,22,32,0.1,128,False,False,0.0,0.0,0.0,0.0,0.700203600592558,0.20438244938850403,0.0,0.0,0.0,0.0
blitz,3,0.001,False,0.0,23,32,0.1,128,True,True,0.19883040935672514,0.19883040935672514,0.40963855421686746,0.26771653543307083,0.7075740879934032,1.2723280191421509,0.04,0.2,0.0,1.0
blitz,3,0.001,False,0.0,23,32,0.1,128,True,False,0.0,0.0,0.0,0.0,0.6867907730254755,0.20115876197814941,0.08,0.27,0.0,1.0
blitz,3,0.001,False,0.0,23,32,0.1,128,False,True,0.19,0.19,0.4578313253012048,0.26855123674911663,0.7235337473455299,1.2276614904403687,0.08,0.27,0.0,1.0
blitz,3,0.001,False,0.0,23,32,0.1,128,False,False,0.0,0.0,0.0,0.0,0.692373369918195,0.18987980484962463,0.0,0.0,0.0,0.0
blitz,3,0.001,False,0.5,21,32,0.1,128,True,True,0.2857142857142857,0.2857142857142857,0.3132530120481928,0.2988505747126437,0.7030861179423935,2.5463438034057617,0.04,0.2,0.0,1.0
blitz,3,0.001,False,0.5,21,32,0.1,128,True,False,0.336734693877551,0.336734693877551,0.39759036144578314,0.3646408839779005,0.7031226055037837,0.40010255575180054,0.0,0.0,0.0,0.0
blitz,3,0.001,False,0.5,21,32,0.1,128,False,True,0.3493975903614458,0.3493975903614458,0.3493975903614458,0.3493975903614458,0.7035458612159114,4.85319185256958,0.04,0.2,0.0,1.0
blitz,3,0.001,False,0.5,21,32,0.1,128,False,False,0.34831460674157305,0.34831460674157305,0.37349397590361444,0.3604651162790698,0.7005465836696271,0.41080912947654724,0.16,0.37,0.0,1.0
blitz,3,0.001,False,0.5,22,32,0.1,128,True,True,0.32608695652173914,0.32608695652173914,0.3614457831325301,0.34285714285714286,0.730451788985135,2.280747413635254,0.0,0.0,0.0,0.0
blitz,3,0.001,False,0.5,22,32,0.1,128,True,False,0.484375,0.484375,0.37349397590361444,0.4217687074829932,0.6912860405887633,0.3643181324005127,0.04,0.2,0.0,1.0
blitz,3,0.001,False,0.5,22,32,0.1,128,False,True,0.42857142857142855,0.42857142857142855,0.3614457831325301,0.39215686274509803,0.7243145811592827,4.668664455413818,0.12,0.32,0.0,1.0
blitz,3,0.001,False,0.5,22,32,0.1,128,False,False,0.3875,0.3875,0.37349397590361444,0.38036809815950917,0.7483598841155051,0.4742526113986969,0.04,0.2,0.0,1.0
blitz,3,0.001,False,0.5,23,32,0.1,128,True,True,0.34177215189873417,0.34177215189873417,0.3253012048192771,0.3333333333333333,0.6809527632030241,2.4609501361846924,0.04,0.2,0.0,1.0
blitz,3,0.001,False,0.5,23,32,0.1,128,True,False,0.3088235294117647,0.3088235294117647,0.25301204819277107,0.2781456953642384,0.6714951872906527,0.3782210350036621,0.0,0.0,0.0,0.0
blitz,3,0.001,False,0.5,23,32,0.1,128,False,True,0.2777777777777778,0.2777777777777778,0.30120481927710846,0.28901734104046245,0.6895784227156962,2.8932957649230957,0.08,0.27,0.0,1.0
blitz,3,0.001,False,0.5,23,32,0.1,128,False,False,0.48,0.48,0.2891566265060241,0.36090225563909767,0.6570607080046412,0.5925263166427612,0.04,0.2,0.0,1.0
blitz,3,0.001,False,1.0,21,32,0.1,128,True,True,0.43333333333333335,0.43333333333333335,0.3132530120481928,0.36363636363636365,0.7177176300599126,2.776782512664795,0.08,0.27,0.0,1.0
blitz,3,0.001,False,1.0,21,32,0.1,128,True,False,0.43333333333333335,0.43333333333333335,0.3132530120481928,0.36363636363636365,0.7177176300599126,0.3181413412094116,0.08,0.27,0.0,1.0
blitz,3,0.001,False,1.0,21,32,0.1,128,False,True,0.2909090909090909,0.2909090909090909,0.3855421686746988,0.3316062176165803,0.7013201199711019,4.044482707977295,0.04,0.2,0.0,1.0
blitz,3,0.001,False,1.0,21,32,0.1,128,False,False,0.2909090909090909,0.2909090909090909,0.3855421686746988,0.3316062176165803,0.7013201199711019,0.5015401244163513,0.08,0.27,0.0,1.0
blitz,3,0.001,False,1.0,22,32,0.1,128,True,True,0.4166666666666667,0.4166666666666667,0.3614457831325301,0.38709677419354843,0.7253362328782118,2.8536598682403564,0.12,0.32,0.0,1.0
blitz,3,0.001,False,1.0,22,32,0.1,128,True,False,0.4166666666666667,0.4166666666666667,0.3614457831325301,0.38709677419354843,0.7253362328782118,0.3375965356826782,0.08,0.27,0.0,1.0
blitz,3,0.001,False,1.0,22,32,0.1,128,False,True,0.2894736842105263,0.2894736842105263,0.39759036144578314,0.33502538071065985,0.7316631760232937,3.5691189765930176,0.24,0.43,0.0,1.0
blitz,3,0.001,False,1.0,22,32,0.1,128,False,False,0.2894736842105263,0.2894736842105263,0.39759036144578314,0.33502538071065985,0.7316631760232937,0.46153101325035095,0.12,0.32,0.0,1.0
blitz,3,0.001,False,1.0,23,32,0.1,128,True,True,0.46,0.46,0.27710843373493976,0.3458646616541353,0.6294688140812796,3.9270095825195312,0.04,0.2,0.0,1.0
blitz,3,0.001,False,1.0,23,32,0.1,128,True,False,0.46,0.46,0.27710843373493976,0.3458646616541353,0.6294688140812796,0.41598430275917053,0.04,0.2,0.0,1.0
blitz,3,0.001,False,1.0,23,32,0.1,128,False,True,0.4583333333333333,0.4583333333333333,0.26506024096385544,0.33587786259541985,0.6890384068071195,6.027327060699463,0.12,0.32,0.0,1.0
blitz,3,0.001,False,1.0,23,32,0.1,128,False,False,0.4583333333333333,0.4583333333333333,0.26506024096385544,0.33587786259541985,0.6890384068071195,0.6322425007820129,0.16,0.37,0.0,1.0
blitz,4,0.001,True,0.0,21,32,0.1,128,True,True,0.2254335260115607,0.2254335260115607,0.46987951807228917,0.3046875,0.6894689600315252,1.2538172006607056,0.08,0.27,0.0,1.0
blitz,4,0.001,True,0.0,21,32,0.1,128,True,False,0.0,0.0,0.0,0.0,0.7049177935241876,0.1961490511894226,0.0,0.0,0.0,0.0
blitz,4,0.001,True,0.0,21,32,0.1,128,False,True,0.18141592920353983,0.18141592920353983,0.4939759036144578,0.26537216828478966,0.6886005560704356,1.3857284784317017,0.24,0.43,0.0,1.0
blitz,4,0.001,True,0.0,21,32,0.1,128,False,False,0.0,0.0,0.0,0.0,0.6897316704735357,0.19746750593185425,0.0,0.0,0.0,0.0
blitz,4,0.001,True,0.0,22,32,0.1,128,True,True,0.16326530612244897,0.16326530612244897,0.4819277108433735,0.24390243902439024,0.7137404858683676,1.4273866415023804,0.0,0.0,0.0,0.0
blitz,4,0.001,True,0.0,22,32,0.1,128,True,False,1.0,1.0,0.012048192771084338,0.02380952380952381,0.6980873220319193,0.1873786449432373,0.0,0.0,0.0,0.0
blitz,4,0.001,True,0.0,22,32,0.1,128,False,True,0.21714285714285714,0.21714285714285714,0.4578313253012048,0.29457364341085274,0.7261608517656329,1.704614520072937,0.04,0.2,0.0,1.0
blitz,4,0.001,True,0.0,22,32,0.1,128,False,False,0.0,0.0,0.0,0.0,0.6927747330934885,0.18973620235919952,0.0,0.0,0.0,0.0
blitz,4,0.001,True,0.0,23,32,0.1,128,True,True,0.2087912087912088,0.2087912087912088,0.2289156626506024,0.21839080459770116,0.7154845913028249,1.3074361085891724,0.0,0.0,0.0,0.0
blitz,4,0.001,True,0.0,23,32,0.1,128,True,False,0.0,0.0,0.0,0.0,0.7030715229178373,0.20713940262794495,0.04,0.2,0.0,1.0
blitz,4,0.001,True,0.0,23,32,0.1,128,False,True,0.13166144200626959,0.13166144200626959,0.5060240963855421,0.20895522388059698,0.6921033619639065,1.363842248916626,0.12,0.32,0.0,1.0
blitz,4,0.001,True,0.0,23,32,0.1,128,False,False,0.0,0.0,0.0,0.0,0.6952996723416988,0.19211114943027496,0.0,0.0,0.0,0.0
blitz,4,0.001,True,0.5,21,32,0.1,128,True,True,0.17370892018779344,0.17370892018779344,0.4457831325301205,0.25,0.7020717637357425,1.1211785078048706,0.08,0.27,0.0,1.0
blitz,4,0.001,True,0.5,21,32,0.1,128,True,False,0.1746987951807229,0.1746987951807229,0.3493975903614458,0.23293172690763053,0.702246904030416,0.30688056349754333,0.08,0.27,0.0,1.0
blitz,4,0.001,True,0.5,21,32,0.1,128,False,True,0.11328976034858387,0.11328976034858387,0.6265060240963856,0.1918819188191882,0.6981529996424218,0.8234726786613464,0.0,0.0,0.0,0.0
blitz,4,0.001,True,0.5,21,32,0.1,128,False,False,0.1494661921708185,0.1494661921708185,0.5060240963855421,0.23076923076923078,0.7068954193515431,0.4029606282711029,0.04,0.2,0.0,1.0
blitz,4,0.001,True,0.5,22,32,0.1,128,True,True,0.15228426395939088,0.15228426395939088,0.3614457831325301,0.21428571428571427,0.7223515503564835,1.235076665878296,0.04,0.2,0.0,1.0
blitz,4,0.001,True,0.5,22,32,0.1,128,True,False,0.14189189189189189,0.14189189189189189,0.25301204819277107,0.18181818181818182,0.7119963804339101,0.3112177550792694,0.0,0.0,0.0,0.0
blitz,4,0.001,True,0.5,22,32,0.1,128,False,True,0.10795454545454546,0.10795454545454546,0.6867469879518072,0.18657937806873978,0.7247013493100202,0.9065008163452148,0.0,0.0,0.0,0.0
blitz,4,0.001,True,0.5,22,32,0.1,128,False,False,0.10891089108910891,0.10891089108910891,0.5301204819277109,0.1806981519507187,0.711310414279772,0.4840710163116455,0.04,0.2,0.0,1.0
blitz,4,0.001,True,0.5,23,32,0.1,128,True,True,0.125,0.125,0.4819277108433735,0.19851116625310172,0.6930666335846111,1.2477220296859741,0.04,0.2,0.0,1.0
blitz,4,0.001,True,0.5,23,32,0.1,128,True,False,0.1557377049180328,0.1557377049180328,0.4578313253012048,0.2324159021406728,0.7110477038377617,0.43138107657432556,0.12,0.32,0.0,1.0
blitz,4,0.001,True,0.5,23,32,0.1,128,False,True,0.10557184750733138,0.10557184750733138,0.43373493975903615,0.169811320754717,0.6722176410061809,1.040153980255127,0.0,0.0,0.0,0.0
blitz,4,0.001,True,0.5,23,32,0.1,128,False,False,0.12083333333333333,0.12083333333333333,0.3493975903614458,0.17956656346749225,0.6865864426816899,0.35721907019615173,0.04,0.2,0.0,1.0
blitz,4,0.001,True,1.0,21,32,0.1,128,True,True,0.12686567164179105,0.12686567164179105,0.40963855421686746,0.19373219373219372,0.6852655929593601,0.9292010068893433,0.04,0.2,0.0,1.0
blitz,4,0.001,True,1.0,21,32,0.1,128,True,False,0.12686567164179105,0.12686567164179105,0.40963855421686746,0.19373219373219372,0.6852655929593601,0.4410638213157654,0.04,0.2,0.0,1.0
blitz,4,0.001,True,1.0,21,32,0.1,128,False,True,0.1025,0.1025,0.4939759036144578,0.16977225672877846,0.6858238526486322,0.9146591424942017,0.04,0.2,0.0,1.0
blitz,4,0.001,True,1.0,21,32,0.1,128,False,False,0.1025,0.1025,0.4939759036144578,0.16977225672877846,0.6858238526486322,0.7275863289833069,0.12,0.32,0.0,1.0
blitz,4,0.001,True,1.0,22,32,0.1,128,True,True,0.1232876712328767,0.1232876712328767,0.43373493975903615,0.192,0.6938693599351982,1.0070271492004395,0.04,0.2,0.0,1.0
blitz,4,0.001,True,1.0,22,32,0.1,128,True,False,0.1232876712328767,0.1232876712328767,0.43373493975903615,0.192,0.6938693599351982,0.4373036026954651,0.08,0.27,0.0,1.0
blitz,4,0.001,True,1.0,22,32,0.1,128,False,True,0.08005427408412483,0.08005427408412483,0.7108433734939759,0.14390243902439026,0.7028015149635489,0.8689270615577698,0.16,0.37,0.0,1.0
blitz,4,0.001,True,1.0,22,32,0.1,128,False,False,0.08005427408412483,0.08005427408412483,0.7108433734939759,0.14390243902439026,0.7028015149635489,0.9169235229492188,0.08,0.27,0.0,1.0
blitz,4,0.001,True,1.0,23,32,0.1,128,True,True,0.08803611738148984,0.08803611738148984,0.46987951807228917,0.1482889733840304,0.6607094641436734,1.4304872751235962,0.04,0.2,0.0,1.0
blitz,4,0.001,True,1.0,23,32,0.1,128,True,False,0.08803611738148984,0.08803611738148984,0.46987951807228917,0.1482889733840304,0.6607094641436734,0.9041431546211243,0.08,0.27,0.0,1.0
blitz,4,0.001,True,1.0,23,32,0.1,128,False,True,0.0811965811965812,0.0811965811965812,0.6867469879518072,0.14522292993630573,0.6851634277874672,0.7847098708152771,0.04,0.2,0.0,1.0
blitz,4,0.001,True,1.0,23,32,0.1,128,False,False,0.0811965811965812,0.0811965811965812,0.6867469879518072,0.14522292993630573,0.6851634277874672,0.8369069695472717,0.04,0.2,0.0,1.0
blitz,4,0.001,False,0.0,21,32,0.1,128,True,True,0.2254335260115607,0.2254335260115607,0.46987951807228917,0.3046875,0.6894689600315252,1.2538172006607056,0.08,0.27,0.0,1.0
blitz,4,0.001,False,0.0,21,32,0.1,128,True,False,0.0,0.0,0.0,0.0,0.7049177935241876,0.1961490511894226,0.0,0.0,0.0,0.0
blitz,4,0.001,False,0.0,21,32,0.1,128,False,True,0.18141592920353983,0.18141592920353983,0.4939759036144578,0.26537216828478966,0.6886005560704356,1.3857284784317017,0.04,0.2,0.0,1.0
blitz,4,0.001,False,0.0,21,32,0.1,128,False,False,0.0,0.0,0.0,0.0,0.6897316704735357,0.19746750593185425,0.0,0.0,0.0,0.0
blitz,4,0.001,False,0.0,22,32,0.1,128,True,True,0.16326530612244897,0.16326530612244897,0.4819277108433735,0.24390243902439024,0.7137404858683676,1.4273866415023804,0.0,0.0,0.0,0.0
blitz,4,0.001,False,0.0,22,32,0.1,128,True,False,1.0,1.0,0.012048192771084338,0.02380952380952381,0.6980873220319193,0.1873786449432373,0.04,0.2,0.0,1.0
blitz,4,0.001,False,0.0,22,32,0.1,128,False,True,0.21714285714285714,0.21714285714285714,0.4578313253012048,0.29457364341085274,0.7261608517656329,1.704614520072937,0.08,0.27,0.0,1.0
blitz,4,0.001,False,0.0,22,32,0.1,128,False,False,0.0,0.0,0.0,0.0,0.6927747330934885,0.18973620235919952,0.04,0.2,0.0,1.0
blitz,4,0.001,False,0.0,23,32,0.1,128,True,True,0.2087912087912088,0.2087912087912088,0.2289156626506024,0.21839080459770116,0.7154845913028249,1.3074361085891724,0.08,0.27,0.0,1.0
blitz,4,0.001,False,0.0,23,32,0.1,128,True,False,0.0,0.0,0.0,0.0,0.7030715229178373,0.20713940262794495,0.0,0.0,0.0,0.0
blitz,4,0.001,False,0.0,23,32,0.1,128,False,True,0.13166144200626959,0.13166144200626959,0.5060240963855421,0.20895522388059698,0.6921033619639065,1.363842248916626,0.0,0.0,0.0,0.0
blitz,4,0.001,False,0.0,23,32,0.1,128,False,False,0.0,0.0,0.0,0.0,0.6952996723416988,0.19211114943027496,0.0,0.0,0.0,0.0
blitz,4,0.001,False,0.5,21,32,0.1,128,True,True,0.2764227642276423,0.2764227642276423,0.40963855421686746,0.3300970873786408,0.7046477855698993,2.100022792816162,0.0,0.0,0.0,0.0
blitz,4,0.001,False,0.5,21,32,0.1,128,True,False,0.3111111111111111,0.3111111111111111,0.3373493975903614,0.3236994219653179,0.6929352783636059,0.29817721247673035,0.04,0.2,0.0,1.0
blitz,4,0.001,False,0.5,21,32,0.1,128,False,True,0.3409090909090909,0.3409090909090909,0.3614457831325301,0.3508771929824561,0.6860975093590596,3.5324504375457764,0.08,0.27,0.0,1.0
blitz,4,0.001,False,0.5,21,32,0.1,128,False,False,0.47619047619047616,0.47619047619047616,0.3614457831325301,0.4109589041095891,0.7231323841702365,0.4290251135826111,0.12,0.32,0.0,1.0
blitz,4,0.001,False,0.5,22,32,0.1,128,True,True,0.3119266055045872,0.3119266055045872,0.40963855421686746,0.3541666666666667,0.6856231710609852,4.61969518661499,0.04,0.2,0.0,1.0
blitz,4,0.001,False,0.5,22,32,0.1,128,True,False,0.32978723404255317,0.32978723404255317,0.37349397590361444,0.35028248587570615,0.7113906869148308,0.3820665180683136,0.12,0.32,0.0,1.0
blitz,4,0.001,False,0.5,22,32,0.1,128,False,True,0.39285714285714285,0.39285714285714285,0.39759036144578314,0.39520958083832336,0.715491888815103,4.919640064239502,0.08,0.27,0.0,1.0
blitz,4,0.001,False,0.5,22,32,0.1,128,False,False,0.4444444444444444,0.4444444444444444,0.3373493975903614,0.3835616438356164,0.7063845934920786,0.7991901636123657,0.12,0.32,0.0,1.0
blitz,4,0.001,False,0.5,23,32,0.1,128,True,True,0.28888888888888886,0.28888888888888886,0.3132530120481928,0.3005780346820809,0.702020681149796,2.3438448905944824,0.08,0.27,0.0,1.0
blitz,4,0.001,False,0.5,23,32,0.1,128,True,False,0.32857142857142857,0.32857142857142857,0.27710843373493976,0.3006535947712418,0.6773915772113286,0.4764205515384674,0.0,0.0,0.0,0.0
blitz,4,0.001,False,0.5,23,32,0.1,128,False,True,0.5111111111111111,0.5111111111111111,0.27710843373493976,0.359375,0.660548918873556,6.109215259552002,0.08,0.27,0.0,1.0
blitz,4,0.001,False,0.5,23,32,0.1,128,False,False,0.41509433962264153,0.41509433962264153,0.26506024096385544,0.3235294117647059,0.6885056884108207,0.47077468037605286,0.0,0.0,0.0,0.0
blitz,4,0.001,False,1.0,21,32,0.1,128,True,True,0.37681159420289856,0.37681159420289856,0.3132530120481928,0.34210526315789475,0.6964964643553012,2.865546226501465,0.0,0.0,0.0,0.0
blitz,4,0.001,False,1.0,21,32,0.1,128,True,False,0.37681159420289856,0.37681159420289856,0.3132530120481928,0.34210526315789475,0.6964964643553012,0.3468714952468872,0.16,0.37,0.0,1.0
blitz,4,0.001,False,1.0,21,32,0.1,128,False,True,0.3333333333333333,0.3333333333333333,0.30120481927710846,0.31645569620253167,0.6833463472302292,4.0538225173950195,0.04,0.2,0.0,1.0
blitz,4,0.001,False,1.0,21,32,0.1,128,False,False,0.3333333333333333,0.3333333333333333,0.30120481927710846,0.31645569620253167,0.6833463472302292,0.46588459610939026,0.0,0.0,0.0,0.0
blitz,4,0.001,False,1.0,22,32,0.1,128,True,True,0.4827586206896552,0.4827586206896552,0.3373493975903614,0.39716312056737585,0.6879510774776878,6.637386322021484,0.0,0.0,0.0,0.0
blitz,4,0.001,False,1.0,22,32,0.1,128,True,False,0.4827586206896552,0.4827586206896552,0.3373493975903614,0.39716312056737585,0.6879510774776878,0.694614052772522,0.0,0.0,0.0,0.0
blitz,4,0.001,False,1.0,22,32,0.1,128,False,True,0.5263157894736842,0.5263157894736842,0.3614457831325301,0.42857142857142855,0.7006998314274663,9.977404594421387,0.12,0.32,0.0,1.0
blitz,4,0.001,False,1.0,22,32,0.1,128,False,False,0.5263157894736842,0.5263157894736842,0.3614457831325301,0.42857142857142855,0.7006998314274663,1.010453701019287,0.04,0.2,0.0,1.0
blitz,4,0.001,False,1.0,23,32,0.1,128,True,True,0.3037974683544304,0.3037974683544304,0.2891566265060241,0.2962962962962963,0.6350076259003306,4.611233234405518,0.04,0.2,0.0,1.0
blitz,4,0.001,False,1.0,23,32,0.1,128,True,False,0.3037974683544304,0.3037974683544304,0.2891566265060241,0.2962962962962963,0.6350076259003306,0.5151187181472778,0.04,0.2,0.0,1.0
blitz,4,0.001,False,1.0,23,32,0.1,128,False,True,0.5675675675675675,0.5675675675675675,0.25301204819277107,0.35,0.6612859676136404,8.278928756713867,0.12,0.32,0.0,1.0
blitz,4,0.001,False,1.0,23,32,0.1,128,False,False,0.5675675675675675,0.5675675675675675,0.25301204819277107,0.35,0.6612859676136404,0.8314880132675171,0.04,0.2,0.0,1.0
